epoch,step,train_class_loss_epoch,train_class_loss_step,train_kld_loss_epoch,train_kld_loss_step,train_recon_loss_epoch,train_recon_loss_step,train_total_loss_epoch,train_total_loss_step,train_vae_loss_epoch,train_vae_loss_step,val_acc,val_class_loss,val_kld_loss,val_recon_loss,val_total_loss,val_vae_loss
0,8,,,,,,,,,,,0.48148149251937866,1.4293829202651978,0.0813903883099556,0.8298456072807312,2.340618848800659,0.9112359881401062
0,8,1.5365064144134521,,0.9137862324714661,,0.956592857837677,,3.4068856239318848,,1.8703792095184326,,,,,,,
1,9,,1.4232866764068604,,0.4796029329299927,,0.9102329611778259,,2.813122510910034,,1.3898358345031738,,,,,,
1,17,,,,,,,,,,,0.6333333253860474,1.2597657442092896,0.1157756894826889,0.8352117538452148,2.2107529640197754,0.9509873986244202
1,17,1.3555810451507568,,0.4056551456451416,,0.903634786605835,,2.6648709774017334,,1.3092899322509766,,,,,,,
2,19,,1.2491412162780762,,0.2852746546268463,,0.889401912689209,,2.4238176345825195,,1.174676537513733,,,,,,
2,26,,,,,,,,,,,0.6296296119689941,1.1418657302856445,0.10091627389192581,0.8371249437332153,2.079906940460205,0.9380412101745605
2,26,1.2282023429870605,,0.25411486625671387,,0.8786419034004211,,2.360959053039551,,1.1327567100524902,,,,,,,
